constraint,objective,predict_method,accuracy_overall_distorted,accuracy_diff_distorted,accuracy_overall_original,accuracy_diff_original,recall_overall_distorted,recall_diff_distorted,recall_overall_original,recall_diff_original,false_positive_rate_overall_distorted,false_positive_rate_diff_distorted,false_positive_rate_overall_original,false_positive_rate_diff_original,selection_rate_overall_distorted,selection_rate_diff_distorted,selection_rate_overall_original,selection_rate_diff_original
demographic_parity,balanced_accuracy_score,predict_proba,0.6484217992670528,0.11245973009731858,0.704102139732829,0.0011122123668221295,0.4105716041794714,0.32906289690209284,0.7184466019417476,0.060501296456352605,0.29493559718969553,0.0007641734049832483,0.2966322853237231,0.003999693595276466,0.31717697127320016,0.0011071812493606559,0.31717697127320016,0.0011071812493606559
demographic_parity,selection_rate,predict_proba,0.19233952003782953,0.2739821909622124,0.04870552074713323,0.013251851590979094,1.0,0.0,1.0,0.0,1.0,0.0,1.0,0.0,1.0,0.0,1.0,0.0
demographic_parity,true_negative_rate,predict_proba,0.8076604799621705,0.2739821909622123,0.9512944792528668,0.013251851590979191,0.0,0.0,0.0,0.0,0.0,0.0,0.0,0.0,0.0,0.0,0.0,0.0
false_negative_rate_parity,balanced_accuracy_score,predict_proba,0.6293888166449935,0.28245168589951075,0.6087007920557985,0.32382284429194574,0.6103257529194838,0.010900043563360162,0.7233009708737864,0.23989244213963312,0.36607142857142855,0.350500074335076,0.3971666459550143,0.3507971464824614,0.41305118808369784,0.34084099041460314,0.41305118808369784,0.34084099041460314
false_negative_rate_parity,selection_rate,predict_proba,0.19233952003782953,0.2739821909622124,0.04870552074713323,0.013251851590979094,1.0,0.0,1.0,0.0,1.0,0.0,1.0,0.0,1.0,0.0,1.0,0.0
false_negative_rate_parity,true_negative_rate,predict_proba,0.8076604799621705,0.2739821909622123,0.9512944792528668,0.013251851590979191,0.0,0.0,0.0,0.0,0.0,0.0,0.0,0.0,0.0,0.0,0.0,0.0
